epoch,time,train/box_loss,train/cls_loss,train/dfl_loss,metrics/precision(B),metrics/recall(B),metrics/mAP50(B),metrics/mAP50-95(B),val/box_loss,val/cls_loss,val/dfl_loss,lr/pg0,lr/pg1,lr/pg2
1,27.2256,3.26765,5.46552,1.51401,0.052,0.15215,0.0236,0.00837,2.64521,inf,1.43066,0.000327869,0.000327869,0.000327869
2,60.1587,2.77938,2.71981,1.25563,0.34376,0.18204,0.12384,0.03867,3.22503,3.98755,1.58931,0.000659893,0.000659893,0.000659893
3,92.942,2.67633,2.59516,1.2222,0.08217,0.05431,0.0162,0.00353,nan,nan,nan,0.000990597,0.000990597,0.000990597
4,122.535,2.7404,2.54411,1.22682,0.35195,0.27021,0.16018,0.04758,2.84516,10.865,1.28978,0.00099406,0.00099406,0.00099406
5,155.11,2.6488,2.29479,1.1901,0.08673,0.06893,0.02944,0.00986,nan,nan,nan,0.00099208,0.00099208,0.00099208
6,184.793,2.58805,2.14309,1.17908,0.41378,0.25598,0.22298,0.06765,2.90686,3.23045,1.26224,0.0009901,0.0009901,0.0009901
7,217.472,2.54583,2.03018,1.14695,0.52832,0.29183,0.29006,0.10899,2.67161,2.73997,1.20643,0.00098812,0.00098812,0.00098812
8,250.094,2.49691,2.03824,1.16053,0.69789,0.36457,0.35095,0.12198,2.70152,2.24758,1.2376,0.00098614,0.00098614,0.00098614
9,283.44,2.42601,1.86633,1.13157,0.75481,0.39363,0.40845,0.13709,2.61819,2.02425,1.19242,0.00098416,0.00098416,0.00098416
10,316.072,2.46399,1.88976,1.1491,0.55166,0.36719,0.29394,0.08772,2.80778,2.00446,1.22493,0.00098218,0.00098218,0.00098218
11,345.683,2.3362,1.71447,1.10251,0.55838,0.36374,0.31683,0.09373,2.85513,2.09883,1.2352,0.0009802,0.0009802,0.0009802
12,375.24,2.39473,1.80494,1.1163,0.71297,0.4251,0.43545,0.16671,2.48316,1.8625,1.15497,0.00097822,0.00097822,0.00097822
13,407.975,2.3541,1.73877,1.11643,0.8307,0.43571,0.47114,0.18898,2.37248,1.73257,1.12859,0.00097624,0.00097624,0.00097624
14,440.643,2.31881,1.70499,1.10318,0.79741,0.43273,0.4873,0.20897,2.27148,1.65733,1.09728,0.00097426,0.00097426,0.00097426
15,473.373,2.30564,1.6902,1.10057,0.80102,0.46045,0.47353,0.19915,2.27843,1.59114,1.10771,0.00097228,0.00097228,0.00097228
16,502.952,2.22093,1.57038,1.07665,0.80315,0.43978,0.48102,0.21204,2.23201,1.59278,1.0868,0.0009703,0.0009703,0.0009703
17,535.598,2.25916,1.59157,1.08044,0.77062,0.42641,0.44851,0.14479,2.50923,1.76747,1.14474,0.00096832,0.00096832,0.00096832
18,565.148,2.28,1.61053,1.084,0.73874,0.40283,0.42425,0.15124,2.50044,1.68321,1.13018,0.00096634,0.00096634,0.00096634
19,594.805,2.28458,1.65,1.08737,0.82771,0.45652,0.48512,0.2024,2.35307,1.60905,1.11179,0.00096436,0.00096436,0.00096436
20,624.387,2.17532,1.52981,1.05661,0.84589,0.4442,0.48738,0.20273,2.30985,1.60307,1.09977,0.00096238,0.00096238,0.00096238
21,654.052,2.22372,1.54612,1.07995,0.83702,0.46882,0.4956,0.2095,2.23989,1.52341,1.0947,0.0009604,0.0009604,0.0009604
22,683.633,2.17213,1.50929,1.06344,0.8766,0.47836,0.52906,0.22542,2.24966,1.54645,1.08279,0.00095842,0.00095842,0.00095842
23,716.329,2.16252,1.46492,1.06711,0.89919,0.48222,0.53108,0.23273,2.2228,1.49533,1.07766,0.00095644,0.00095644,0.00095644
24,749.466,2.19369,1.52954,1.0666,0.80625,0.45394,0.50026,0.2107,2.28456,1.55912,1.08064,0.00095446,0.00095446,0.00095446
25,779.058,2.12598,1.45298,1.05094,0.88747,0.48566,0.52339,0.23074,2.1826,1.44721,1.06579,0.00095248,0.00095248,0.00095248
26,808.635,2.12252,1.44519,1.0542,0.87622,0.47131,0.52424,0.23531,2.16364,1.53092,1.06645,0.0009505,0.0009505,0.0009505
27,841.372,2.15891,1.48233,1.04374,0.86275,0.46347,0.50331,0.20608,2.28727,1.52859,1.09486,0.00094852,0.00094852,0.00094852
28,870.989,2.14475,1.46947,1.0597,0.85985,0.4847,0.52893,0.23749,2.18331,1.43967,1.06907,0.00094654,0.00094654,0.00094654
29,903.697,2.07043,1.39796,1.0438,0.8768,0.49507,0.53037,0.24035,2.1684,1.43697,1.05685,0.00094456,0.00094456,0.00094456
30,936.374,2.13373,1.45861,1.04595,0.87436,0.4728,0.51307,0.20861,2.27238,1.50432,1.07804,0.00094258,0.00094258,0.00094258
31,966.078,2.09499,1.43312,1.03815,0.86637,0.48239,0.53493,0.23725,2.21701,1.45955,1.07396,0.0009406,0.0009406,0.0009406
32,995.682,2.10309,1.42734,1.04771,0.79517,0.47481,0.51147,0.23218,2.15672,1.43916,1.05117,0.00093862,0.00093862,0.00093862
33,1025.29,2.08791,1.42221,1.03719,0.85918,0.47082,0.51342,0.21389,2.24444,1.4921,1.06663,0.00093664,0.00093664,0.00093664
34,1054.87,2.11412,1.42929,1.0355,0.89452,0.4828,0.51952,0.21304,2.26555,1.47805,1.07305,0.00093466,0.00093466,0.00093466
35,1084.94,2.06111,1.35769,1.0457,0.91388,0.47855,0.53746,0.24106,2.16625,1.42774,1.04806,0.00093268,0.00093268,0.00093268
36,1117.75,2.10596,1.42247,1.03808,0.89486,0.48256,0.53854,0.23612,2.13006,1.42865,1.04189,0.0009307,0.0009307,0.0009307
37,1147.61,2.02765,1.3665,1.02546,0.92145,0.49576,0.55176,0.25661,2.08967,1.35081,1.03909,0.00092872,0.00092872,0.00092872
38,1180.32,2.04779,1.35937,1.02236,0.67902,0.31189,0.38151,0.18019,2.37377,1.93018,1.11343,0.00092674,0.00092674,0.00092674
39,1210.09,2.0091,1.33098,1.02107,0.85994,0.47457,0.51837,0.21222,2.21854,1.42663,1.05597,0.00092476,0.00092476,0.00092476
40,1240.25,2.02118,1.36707,1.01689,0.88131,0.48501,0.54772,0.25279,2.09871,1.41589,1.03342,0.00092278,0.00092278,0.00092278
41,1272.83,2.0264,1.34985,1.02583,0.87967,0.49687,0.5523,0.2489,2.14199,1.41178,1.04174,0.0009208,0.0009208,0.0009208
42,1302.59,2.05889,1.35516,1.00752,0.85923,0.50223,0.54175,0.23359,2.15743,1.39472,1.04943,0.00091882,0.00091882,0.00091882
43,1332.28,1.98927,1.33584,1.01049,0.87814,0.4716,0.53786,0.22003,2.20097,1.44602,1.05419,0.00091684,0.00091684,0.00091684
44,1362.08,1.97637,1.29841,1.01483,0.84458,0.46741,0.52309,0.23005,2.12386,1.47757,1.04111,0.00091486,0.00091486,0.00091486
45,1391.69,2.01021,1.33374,1.01624,0.8964,0.50067,0.56613,0.26812,2.07416,1.34844,1.03011,0.00091288,0.00091288,0.00091288
46,1424.93,1.98603,1.30748,1.0234,0.90749,0.50271,0.57463,0.27134,2.03011,1.31486,1.02275,0.0009109,0.0009109,0.0009109
47,1457.87,1.94047,1.29524,0.99805,0.90804,0.48571,0.55226,0.25003,2.12457,1.38142,1.03497,0.00090892,0.00090892,0.00090892
48,1487.59,1.9714,1.33013,1.00819,0.91231,0.50292,0.56513,0.26498,2.0475,1.3229,1.02396,0.00090694,0.00090694,0.00090694
49,1517.21,2.00524,1.30454,1.00303,0.88808,0.50325,0.5638,0.26334,2.05585,1.3476,1.02923,0.00090496,0.00090496,0.00090496
50,1546.82,1.94131,1.24801,0.99192,0.80807,0.46928,0.53162,0.25775,2.02861,1.38196,1.02292,0.00090298,0.00090298,0.00090298
51,1576.5,1.95455,1.28855,0.99282,0.94245,0.48916,0.55851,0.24675,2.08303,1.38152,1.02392,0.000901,0.000901,0.000901
52,1606.17,1.93635,1.27847,0.99935,0.93417,0.49011,0.56376,0.26152,2.07088,1.35914,1.0197,0.00089902,0.00089902,0.00089902
53,1635.8,1.95646,1.29559,0.99634,0.7945,0.45425,0.52605,0.25592,2.08471,1.4349,1.03115,0.00089704,0.00089704,0.00089704
54,1665.54,1.92057,1.24645,1.00267,0.89179,0.48306,0.54818,0.23847,2.112,1.36663,1.03393,0.00089506,0.00089506,0.00089506
55,1695.18,1.91412,1.27451,0.98968,0.91229,0.50264,0.54817,0.25655,2.0404,1.31376,1.02292,0.00089308,0.00089308,0.00089308
56,1724.78,1.90107,1.20849,0.98343,0.83017,0.46198,0.5171,0.21678,2.23032,1.3968,1.0488,0.0008911,0.0008911,0.0008911
57,1754.39,1.90941,1.26409,0.98975,0.88633,0.50409,0.57481,0.25628,2.11433,1.30579,1.03055,0.00088912,0.00088912,0.00088912
58,1784.49,1.89384,1.25369,0.98602,0.90383,0.51234,0.58453,0.27295,2.04662,1.32147,1.01591,0.00088714,0.00088714,0.00088714
59,1817.47,1.87386,1.22336,0.98214,0.90456,0.50417,0.56144,0.2366,2.157,1.32282,1.03754,0.00088516,0.00088516,0.00088516
60,1847.07,1.90304,1.2129,0.98377,0.88202,0.50815,0.57407,0.26943,2.01783,1.27539,1.01453,0.00088318,0.00088318,0.00088318
61,1876.68,1.905,1.25692,0.98669,0.90065,0.49316,0.57444,0.26572,2.05152,1.28798,1.01356,0.0008812,0.0008812,0.0008812
62,1906.54,1.83672,1.2084,0.97658,0.9365,0.4858,0.57836,0.26824,2.03874,1.32246,1.01915,0.00087922,0.00087922,0.00087922
63,1936.23,1.86139,1.18829,0.98767,0.9088,0.50545,0.58193,0.27332,2.03166,1.29393,1.02064,0.00087724,0.00087724,0.00087724
64,1969.5,1.88427,1.22323,0.98288,0.90338,0.50352,0.56509,0.24341,2.12706,1.29395,1.03113,0.00087526,0.00087526,0.00087526
65,1999.1,1.89995,1.26303,0.97522,0.908,0.51698,0.58822,0.27555,2.03541,1.28082,1.01751,0.00087328,0.00087328,0.00087328
66,2031.85,1.88182,1.19641,0.98019,0.94019,0.49393,0.58812,0.26957,2.02649,1.27623,1.01028,0.0008713,0.0008713,0.0008713
67,2061.58,1.85367,1.20598,0.97412,0.89358,0.47779,0.5626,0.26409,2.05056,1.3172,1.01243,0.00086932,0.00086932,0.00086932
68,2091.31,1.87347,1.19525,0.97253,0.93237,0.50726,0.59283,0.29335,1.95246,1.22061,0.99783,0.00086734,0.00086734,0.00086734
69,2124.21,1.81522,1.18484,0.96606,0.93692,0.52091,0.5848,0.28119,1.9966,1.25564,1.00966,0.00086536,0.00086536,0.00086536
70,2153.84,1.8091,1.1613,0.96964,0.91203,0.50972,0.5793,0.25779,2.06771,1.27858,1.02034,0.00086338,0.00086338,0.00086338
71,2183.51,1.82866,1.17649,0.97692,0.91436,0.51106,0.59479,0.29364,1.92893,1.20685,0.99229,0.0008614,0.0008614,0.0008614
72,2216.18,1.84054,1.19539,0.97342,0.94746,0.48275,0.56957,0.27341,2.0254,1.27308,1.01132,0.00085942,0.00085942,0.00085942
73,2245.82,1.86179,1.19758,0.98644,0.93486,0.51696,0.60823,0.28736,2.00242,1.22285,1.00694,0.00085744,0.00085744,0.00085744
74,2275.44,1.77816,1.14333,0.96058,0.8866,0.49839,0.58697,0.28731,1.95534,1.27197,0.99577,0.00085546,0.00085546,0.00085546
75,2305.22,1.83475,1.1661,0.97023,0.8727,0.50256,0.56006,0.24366,2.05727,1.27209,1.01574,0.00085348,0.00085348,0.00085348
76,2334.84,1.81103,1.17261,0.97042,0.91084,0.51642,0.60072,0.2876,1.97755,1.21954,1.00204,0.0008515,0.0008515,0.0008515
77,2364.47,1.7924,1.15238,0.96492,0.92523,0.5205,0.60427,0.29029,1.96145,1.19139,0.99299,0.00084952,0.00084952,0.00084952
78,2394.08,1.76664,1.12623,0.95793,0.9066,0.50841,0.58362,0.2739,2.00575,1.26141,1.0001,0.00084754,0.00084754,0.00084754
79,2423.73,1.80704,1.14603,0.9553,0.90225,0.51113,0.59558,0.29446,1.91782,1.20073,0.99024,0.00084556,0.00084556,0.00084556
80,2456.47,1.76607,1.14019,0.96387,0.86417,0.46723,0.55936,0.24875,2.09252,1.3314,1.0179,0.00084358,0.00084358,0.00084358
81,2486.1,1.80021,1.17506,0.96091,0.90246,0.51896,0.58379,0.27967,1.98455,1.22286,1.0053,0.0008416,0.0008416,0.0008416
82,2515.71,1.786,1.15223,0.95922,0.9112,0.50809,0.59791,0.28599,1.97728,1.22437,1.00263,0.00083962,0.00083962,0.00083962
83,2545.36,1.72797,1.08671,0.95767,0.91472,0.50797,0.60443,0.27931,1.98975,1.23001,1.00058,0.00083764,0.00083764,0.00083764
84,2575.41,1.78081,1.13643,0.95287,0.92091,0.52849,0.58649,0.28796,1.93774,1.21238,0.99128,0.00083566,0.00083566,0.00083566
85,2605.11,1.78117,1.13064,0.95594,0.93272,0.52323,0.61064,0.29608,1.95454,1.22537,0.99299,0.00083368,0.00083368,0.00083368
86,2637.95,1.75278,1.09269,0.95806,0.90668,0.50987,0.60328,0.26974,2.05658,1.24551,1.00968,0.0008317,0.0008317,0.0008317
87,2667.61,1.76248,1.1226,0.95658,0.88717,0.52187,0.60943,0.29386,1.95327,1.19749,0.99273,0.00082972,0.00082972,0.00082972
88,2697.24,1.7375,1.13182,0.96063,0.88724,0.5061,0.59398,0.28581,1.99637,1.24687,1.00402,0.00082774,0.00082774,0.00082774
89,2726.88,1.75544,1.11489,0.94741,0.89139,0.51456,0.59988,0.28312,1.97314,1.19028,1.00399,0.00082576,0.00082576,0.00082576
90,2756.51,1.73514,1.09063,0.95224,0.89468,0.51846,0.60606,0.29245,1.95818,1.21423,0.99617,0.00082378,0.00082378,0.00082378
91,2786.37,1.71758,1.09352,0.9451,0.89745,0.51558,0.59821,0.29388,1.93494,1.19664,0.99507,0.0008218,0.0008218,0.0008218
92,2816.01,1.75432,1.08182,0.95383,0.9079,0.52511,0.6051,0.26535,2.05416,1.24114,1.01215,0.00081982,0.00081982,0.00081982
93,2845.69,1.69662,1.04818,0.9409,0.91125,0.52282,0.6056,0.2866,1.97018,1.19442,1.00372,0.00081784,0.00081784,0.00081784
94,2875.34,1.7143,1.08036,0.94849,0.87353,0.5149,0.60544,0.27967,2.03909,1.22199,1.01135,0.00081586,0.00081586,0.00081586
95,2905.05,1.75015,1.11963,0.95637,0.90537,0.51779,0.60118,0.27785,2.00688,1.21889,1.0038,0.00081388,0.00081388,0.00081388
96,2934.65,1.70759,1.06687,0.94646,0.91511,0.52546,0.61539,0.29192,1.95963,1.18947,0.99262,0.0008119,0.0008119,0.0008119
97,2964.46,1.68856,1.03894,0.94566,0.94373,0.51512,0.62006,0.29995,1.93988,1.16813,0.98716,0.00080992,0.00080992,0.00080992
98,2997.55,1.68295,1.05307,0.93869,0.82274,0.49199,0.57688,0.26134,2.05166,1.32017,1.00674,0.00080794,0.00080794,0.00080794
99,3027.29,1.7725,1.12233,0.95507,0.909,0.51299,0.61342,0.29053,1.95843,1.18217,0.99628,0.00080596,0.00080596,0.00080596
100,3056.92,1.69584,1.04191,0.94775,0.88942,0.53529,0.61112,0.29253,1.95152,1.1782,0.98996,0.00080398,0.00080398,0.00080398
101,3086.49,1.67452,1.05028,0.93968,0.85775,0.51278,0.6083,0.30363,1.91278,1.18218,0.98442,0.000802,0.000802,0.000802
102,3119.39,1.77318,1.12953,0.94939,0.90928,0.53236,0.61744,0.29041,1.97404,1.17972,0.99503,0.00080002,0.00080002,0.00080002
103,3149.04,1.71229,1.06032,0.94442,0.89126,0.51982,0.61081,0.28901,1.97729,1.20219,0.99285,0.00079804,0.00079804,0.00079804
104,3178.65,1.67929,1.03924,0.93903,0.8979,0.52807,0.59055,0.27195,2.04058,1.21827,1.00956,0.00079606,0.00079606,0.00079606
105,3208.27,1.66893,1.04888,0.94232,0.92904,0.52029,0.62444,0.30605,1.93303,1.15586,0.98955,0.00079408,0.00079408,0.00079408
106,3241.45,1.7089,1.05772,0.93768,0.93352,0.52588,0.60997,0.28392,1.98291,1.18533,0.99752,0.0007921,0.0007921,0.0007921
107,3271.11,1.62143,0.99846,0.93572,0.89815,0.52637,0.62406,0.30553,1.92371,1.16977,0.98874,0.00079012,0.00079012,0.00079012
108,3300.73,1.66941,1.03125,0.94449,0.88561,0.53987,0.62411,0.30421,1.91872,1.14579,0.98928,0.00078814,0.00078814,0.00078814
109,3330.39,1.66644,1.01432,0.94298,0.91988,0.52409,0.61594,0.30203,1.9354,1.19822,0.99108,0.00078616,0.00078616,0.00078616
110,3359.97,1.66756,1.04653,0.94323,0.94673,0.52341,0.62451,0.30246,1.92269,1.14423,0.9883,0.00078418,0.00078418,0.00078418
111,3389.62,1.61746,1.00078,0.93393,0.91834,0.53318,0.63813,0.30611,1.91391,1.14202,0.98808,0.0007822,0.0007822,0.0007822
112,3422.25,1.67961,1.06265,0.94635,0.88375,0.52038,0.60808,0.28336,2.01409,1.18053,0.99939,0.00078022,0.00078022,0.00078022
113,3451.87,1.64427,1.02295,0.93553,0.93547,0.5285,0.61547,0.29057,1.95824,1.14913,0.99091,0.00077824,0.00077824,0.00077824
114,3481.5,1.64131,1.02454,0.94648,0.89601,0.54644,0.63302,0.29873,1.97275,1.17115,0.99772,0.00077626,0.00077626,0.00077626
115,3511.16,1.62005,0.97593,0.92562,0.91837,0.53016,0.62795,0.3064,1.93273,1.13924,0.99014,0.00077428,0.00077428,0.00077428
116,3540.8,1.59932,0.99137,0.92513,0.89436,0.54896,0.64577,0.30865,1.94578,1.14213,0.99744,0.0007723,0.0007723,0.0007723
117,3573.48,1.67998,1.02804,0.94228,0.89736,0.52653,0.62958,0.30019,1.94761,1.15947,0.99132,0.00077032,0.00077032,0.00077032
118,3603.11,1.60094,0.9843,0.9273,0.88165,0.54037,0.6193,0.286,1.97596,1.20563,0.99772,0.00076834,0.00076834,0.00076834
119,3632.83,1.61176,0.98775,0.92546,0.90418,0.51863,0.6245,0.29191,1.97041,1.17514,0.99376,0.00076636,0.00076636,0.00076636
120,3662.45,1.58301,0.97656,0.93236,0.8941,0.54011,0.63476,0.30875,1.89093,1.15147,0.98288,0.00076438,0.00076438,0.00076438
121,3692.07,1.56522,0.96111,0.91544,0.91556,0.53305,0.62078,0.30104,1.9256,1.15309,0.99621,0.0007624,0.0007624,0.0007624
122,3721.65,1.59765,0.99828,0.92789,0.89804,0.53145,0.62362,0.30786,1.88238,1.16962,0.98489,0.00076042,0.00076042,0.00076042
123,3751.28,1.61518,0.99984,0.94057,0.90648,0.54182,0.64315,0.31602,1.89577,1.15689,0.97767,0.00075844,0.00075844,0.00075844
124,3784.11,1.62286,1.00225,0.93749,0.90477,0.51768,0.62427,0.30801,1.92054,1.15778,0.98122,0.00075646,0.00075646,0.00075646
125,3813.73,1.63796,1.01735,0.93251,0.90098,0.54406,0.64049,0.31397,1.92038,1.14319,0.98502,0.00075448,0.00075448,0.00075448
126,3843.41,1.6087,0.96753,0.92956,0.89486,0.54113,0.63131,0.2998,1.95878,1.1403,0.99249,0.0007525,0.0007525,0.0007525
127,3873.14,1.61629,0.98424,0.92728,0.93609,0.53422,0.63356,0.30968,1.92193,1.1338,0.98144,0.00075052,0.00075052,0.00075052
128,3902.84,1.55918,0.96459,0.9173,0.92261,0.52715,0.64052,0.30932,1.93249,1.13509,0.98724,0.00074854,0.00074854,0.00074854
129,3932.47,1.55507,0.95942,0.92363,0.93299,0.52817,0.63638,0.30948,1.90822,1.13942,0.98789,0.00074656,0.00074656,0.00074656
130,3962.16,1.5938,0.97656,0.92383,0.90418,0.53164,0.63076,0.31095,1.91942,1.14348,0.99092,0.00074458,0.00074458,0.00074458
131,3991.87,1.58827,0.97613,0.92991,0.91917,0.5423,0.64715,0.31163,1.93179,1.1365,0.98217,0.0007426,0.0007426,0.0007426
132,4021.52,1.59361,0.96935,0.91463,0.89737,0.53419,0.61792,0.29327,1.98233,1.18518,0.99726,0.00074062,0.00074062,0.00074062
133,4051.17,1.58562,0.9678,0.92946,0.89872,0.54677,0.65254,0.31777,1.90592,1.12375,0.98346,0.00073864,0.00073864,0.00073864
134,4084.02,1.58291,0.97208,0.92345,0.89691,0.53791,0.64555,0.30947,1.92916,1.15254,0.98635,0.00073666,0.00073666,0.00073666
135,4113.7,1.59509,0.97069,0.9241,0.88815,0.54532,0.63602,0.30186,1.953,1.1451,0.99367,0.00073468,0.00073468,0.00073468
136,4143.38,1.57184,0.9622,0.92388,0.8826,0.54401,0.61957,0.29961,1.94382,1.16398,0.99273,0.0007327,0.0007327,0.0007327
137,4173.04,1.5318,0.92586,0.91159,0.92475,0.54139,0.65132,0.30839,1.94092,1.1246,0.99296,0.00073072,0.00073072,0.00073072
138,4202.68,1.55219,0.93218,0.91941,0.88047,0.55199,0.65139,0.31896,1.90277,1.12663,0.98218,0.00072874,0.00072874,0.00072874
139,4236.14,1.55155,0.93266,0.92074,0.88142,0.5663,0.64671,0.30856,1.93714,1.12605,0.98971,0.00072676,0.00072676,0.00072676
140,4265.75,1.56341,0.92725,0.92139,0.92341,0.5332,0.65188,0.3163,1.90901,1.13093,0.97896,0.00072478,0.00072478,0.00072478
141,4295.36,1.60492,0.97714,0.92322,0.85572,0.57251,0.66495,0.32314,1.89102,1.10572,0.97619,0.0007228,0.0007228,0.0007228
142,4328.05,1.56362,0.93627,0.92133,0.8995,0.5481,0.66477,0.32937,1.86997,1.09655,0.97706,0.00072082,0.00072082,0.00072082
143,4360.82,1.52986,0.91541,0.92134,0.89234,0.56298,0.65777,0.3198,1.92286,1.09727,0.98554,0.00071884,0.00071884,0.00071884
144,4390.42,1.4934,0.88788,0.90924,0.89139,0.55693,0.67128,0.32553,1.91176,1.08975,0.98203,0.00071686,0.00071686,0.00071686
145,4420.06,1.49322,0.89865,0.91699,0.88093,0.57255,0.66431,0.32636,1.90529,1.11125,0.98274,0.00071488,0.00071488,0.00071488
146,4449.7,1.51969,0.91727,0.91706,0.8987,0.57127,0.6672,0.32971,1.88689,1.07599,0.98177,0.0007129,0.0007129,0.0007129
147,4482.41,1.51902,0.90501,0.9148,0.86858,0.56398,0.66626,0.32401,1.89737,1.11802,0.97947,0.00071092,0.00071092,0.00071092
148,4512.07,1.50539,0.91769,0.91123,0.90233,0.55235,0.66707,0.32854,1.88651,1.09413,0.97563,0.00070894,0.00070894,0.00070894
149,4541.72,1.52493,0.90063,0.91365,0.90749,0.55112,0.66029,0.31326,1.94299,1.07018,0.98977,0.00070696,0.00070696,0.00070696
150,4571.37,1.5108,0.88246,0.90169,0.8857,0.57368,0.67474,0.32475,1.89628,1.06462,0.98311,0.00070498,0.00070498,0.00070498
151,4601.07,1.49525,0.87606,0.90539,0.88018,0.58334,0.68522,0.33597,1.88295,1.05389,0.98144,0.000703,0.000703,0.000703
152,4634.37,1.48844,0.88103,0.90419,0.91655,0.56483,0.66949,0.32602,1.88867,1.05472,0.9767,0.00070102,0.00070102,0.00070102
153,4664.22,1.47175,0.86499,0.90247,0.89545,0.56044,0.64274,0.30532,1.9681,1.12147,0.99415,0.00069904,0.00069904,0.00069904
154,4693.85,1.50737,0.88467,0.90714,0.89466,0.58078,0.6819,0.3305,1.91413,1.06649,0.98541,0.00069706,0.00069706,0.00069706
155,4723.56,1.4757,0.84349,0.90225,0.87527,0.57138,0.66436,0.31791,1.93391,1.07724,0.98985,0.00069508,0.00069508,0.00069508
156,4753.28,1.48855,0.87146,0.91012,0.87309,0.58497,0.69384,0.33753,1.89961,1.05715,0.98147,0.0006931,0.0006931,0.0006931
157,4785.99,1.47349,0.86542,0.90567,0.88256,0.58157,0.68337,0.33229,1.8888,1.0657,0.98393,0.00069112,0.00069112,0.00069112
158,4815.64,1.46343,0.84814,0.89783,0.9121,0.5774,0.68569,0.33981,1.85221,1.03973,0.97836,0.00068914,0.00068914,0.00068914
159,4848.6,1.48414,0.8623,0.90712,0.89192,0.57424,0.67655,0.32859,1.91361,1.05324,0.98727,0.00068716,0.00068716,0.00068716
160,4878.24,1.43831,0.82676,0.89824,0.876,0.58768,0.69353,0.34437,1.87084,1.04538,0.9822,0.00068518,0.00068518,0.00068518
161,4911.02,1.45962,0.85641,0.90592,0.9076,0.57865,0.68309,0.33095,1.90694,1.07927,0.98224,0.0006832,0.0006832,0.0006832
162,4940.67,1.48313,0.8532,0.90421,0.90165,0.58362,0.69765,0.33817,1.88572,1.04567,0.97947,0.00068122,0.00068122,0.00068122
163,4970.36,1.47687,0.8381,0.89512,0.88485,0.59071,0.70011,0.33592,1.91147,1.03478,0.97812,0.00067924,0.00067924,0.00067924
164,5000.15,1.43686,0.82537,0.90276,0.88949,0.60563,0.71257,0.33685,1.91549,1.02605,0.98461,0.00067726,0.00067726,0.00067726
165,5030.08,1.43073,0.82103,0.90155,0.88582,0.59495,0.69584,0.3294,1.94645,1.02839,0.9917,0.00067528,0.00067528,0.00067528
166,5059.71,1.42515,0.84184,0.90311,0.88513,0.59309,0.70361,0.33865,1.91743,1.04828,0.98443,0.0006733,0.0006733,0.0006733
167,5089.41,1.44226,0.83036,0.89523,0.8968,0.59069,0.69834,0.33838,1.91058,1.03966,0.98526,0.00067132,0.00067132,0.00067132
168,5119.04,1.3905,0.81294,0.89713,0.88229,0.60378,0.71929,0.35678,1.87215,1.01329,0.9766,0.00066934,0.00066934,0.00066934
169,5151.71,1.43815,0.80735,0.88862,0.87231,0.60097,0.70837,0.34725,1.89059,1.02434,0.97844,0.00066736,0.00066736,0.00066736
170,5181.37,1.45301,0.84161,0.90267,0.90638,0.59192,0.72203,0.35032,1.87421,1.0296,0.97464,0.00066538,0.00066538,0.00066538
171,5211.07,1.43324,0.83045,0.89873,0.89772,0.60388,0.71527,0.34808,1.86955,1.00892,0.97557,0.0006634,0.0006634,0.0006634
172,5240.69,1.43054,0.80804,0.89197,0.90407,0.58959,0.71251,0.34365,1.92108,1.039,0.98745,0.00066142,0.00066142,0.00066142
173,5270.31,1.41294,0.80934,0.89142,0.88757,0.60891,0.72153,0.35004,1.89426,1.00512,0.97741,0.00065944,0.00065944,0.00065944
174,5299.96,1.42294,0.82652,0.89744,0.89279,0.61029,0.72614,0.35646,1.87542,1.00628,0.97441,0.00065746,0.00065746,0.00065746
175,5332.8,1.41438,0.79987,0.88552,0.91114,0.59591,0.71147,0.35215,1.87095,1.01125,0.97576,0.00065548,0.00065548,0.00065548
176,5362.47,1.42248,0.81084,0.89209,0.86406,0.60098,0.69984,0.33889,1.91981,1.0256,0.98393,0.0006535,0.0006535,0.0006535
177,5392.09,1.41877,0.83762,0.90097,0.85571,0.61973,0.71024,0.34485,1.87944,1.02584,0.97885,0.00065152,0.00065152,0.00065152
178,5421.75,1.40388,0.80628,0.88882,0.90868,0.5981,0.71843,0.35603,1.87354,1.02612,0.97629,0.00064954,0.00064954,0.00064954
179,5451.41,1.405,0.79218,0.89748,0.88037,0.58577,0.69691,0.32951,1.96768,1.04972,1.00129,0.00064756,0.00064756,0.00064756
180,5481.09,1.37827,0.79498,0.90016,0.88472,0.59215,0.69658,0.34263,1.90818,1.03593,0.985,0.00064558,0.00064558,0.00064558
181,5511.17,1.38031,0.77965,0.88103,0.8549,0.62958,0.73632,0.36168,1.86159,1.00341,0.97657,0.0006436,0.0006436,0.0006436
182,5543.82,1.3755,0.78511,0.88855,0.87051,0.62232,0.72893,0.3547,1.89372,1.02993,0.97788,0.00064162,0.00064162,0.00064162
183,5573.48,1.38988,0.79123,0.89557,0.89659,0.58807,0.70982,0.3448,1.91203,1.05111,0.98558,0.00063964,0.00063964,0.00063964
184,5603.07,1.36235,0.78052,0.88163,0.8669,0.62088,0.72525,0.35526,1.86375,1.00565,0.97565,0.00063766,0.00063766,0.00063766
185,5632.7,1.3676,0.7867,0.89999,0.86725,0.60215,0.71194,0.34452,1.90899,1.00599,0.9861,0.00063568,0.00063568,0.00063568
186,5662.37,1.36478,0.77952,0.88523,0.87573,0.60829,0.71374,0.35213,1.89403,1.01131,0.98559,0.0006337,0.0006337,0.0006337
187,5692.02,1.33942,0.76652,0.88735,0.8642,0.62125,0.72682,0.35629,1.88919,0.99318,0.98276,0.00063172,0.00063172,0.00063172
188,5721.62,1.3981,0.80218,0.89041,0.89559,0.60819,0.72249,0.34662,1.90188,0.99546,0.98623,0.00062974,0.00062974,0.00062974
189,5751.21,1.35296,0.76886,0.88531,0.87684,0.6135,0.72176,0.34338,1.92199,1.01429,0.98842,0.00062776,0.00062776,0.00062776
190,5780.87,1.34748,0.77262,0.88258,0.89359,0.60406,0.72583,0.36013,1.84813,1.00412,0.97305,0.00062578,0.00062578,0.00062578
191,5810.76,1.36161,0.77747,0.88407,0.86764,0.62125,0.73639,0.35268,1.87881,0.98337,0.97432,0.0006238,0.0006238,0.0006238
192,5840.38,1.35423,0.7784,0.89107,0.89388,0.60643,0.73429,0.35824,1.87577,0.98109,0.97358,0.00062182,0.00062182,0.00062182
193,5870.03,1.33543,0.76012,0.87813,0.89214,0.60618,0.71972,0.35011,1.88964,1.0013,0.98289,0.00061984,0.00061984,0.00061984
194,5899.69,1.32278,0.73842,0.88466,0.86493,0.64502,0.73367,0.35755,1.88723,0.99925,0.97652,0.00061786,0.00061786,0.00061786
195,5929.41,1.35174,0.76363,0.88385,0.85358,0.62437,0.72096,0.35272,1.86709,0.99702,0.97751,0.00061588,0.00061588,0.00061588
196,5959.02,1.34078,0.75866,0.87952,0.86574,0.61467,0.72972,0.36101,1.84386,0.99565,0.97255,0.0006139,0.0006139,0.0006139
197,5988.63,1.33904,0.75302,0.88953,0.85546,0.62974,0.7336,0.3659,1.84785,0.97046,0.97534,0.00061192,0.00061192,0.00061192
198,6021.72,1.36571,0.76688,0.88331,0.90424,0.60411,0.72826,0.36315,1.85298,0.9794,0.97311,0.00060994,0.00060994,0.00060994
199,6051.49,1.34712,0.75051,0.87978,0.87897,0.6283,0.72713,0.3631,1.84997,1.00729,0.97668,0.00060796,0.00060796,0.00060796
200,6081.12,1.32162,0.73951,0.879,0.88844,0.61397,0.7194,0.35993,1.8654,0.99283,0.9795,0.00060598,0.00060598,0.00060598
201,6110.71,1.30478,0.73023,0.87909,0.88435,0.63293,0.74716,0.3629,1.86065,0.96694,0.97727,0.000604,0.000604,0.000604
202,6140.4,1.31545,0.73881,0.87499,0.88148,0.62188,0.73295,0.35865,1.86979,0.99441,0.97767,0.00060202,0.00060202,0.00060202
203,6170.09,1.2963,0.73472,0.88724,0.88502,0.62628,0.74886,0.36884,1.85282,0.9699,0.97207,0.00060004,0.00060004,0.00060004
204,6202.93,1.31047,0.74196,0.87694,0.89422,0.61444,0.73678,0.36151,1.87688,0.98046,0.98545,0.00059806,0.00059806,0.00059806
205,6232.57,1.30976,0.74074,0.8791,0.89226,0.62817,0.74178,0.36593,1.87021,0.96154,0.98352,0.00059608,0.00059608,0.00059608
206,6262.16,1.31507,0.73014,0.87627,0.90059,0.62675,0.75037,0.37119,1.83613,0.95192,0.97363,0.0005941,0.0005941,0.0005941
207,6294.93,1.3123,0.7394,0.88037,0.88216,0.6256,0.74297,0.36511,1.86054,0.96867,0.97559,0.00059212,0.00059212,0.00059212
208,6324.6,1.3223,0.74416,0.8813,0.89473,0.61227,0.7271,0.34909,1.91742,0.98914,0.98659,0.00059014,0.00059014,0.00059014
209,6354.24,1.31652,0.7347,0.8826,0.89082,0.60837,0.73237,0.35577,1.90201,0.97688,0.9825,0.00058816,0.00058816,0.00058816
210,6383.95,1.30354,0.7238,0.87174,0.89391,0.63176,0.74874,0.36594,1.85528,0.96354,0.9749,0.00058618,0.00058618,0.00058618
211,6413.62,1.30255,0.73075,0.87935,0.87299,0.63158,0.74413,0.36277,1.86252,0.9668,0.97758,0.0005842,0.0005842,0.0005842
212,6443.26,1.32508,0.7301,0.87568,0.85227,0.6603,0.75523,0.36735,1.87443,0.95845,0.97798,0.00058222,0.00058222,0.00058222
213,6472.85,1.29592,0.71955,0.87636,0.86365,0.63927,0.74331,0.36581,1.86626,0.9774,0.97651,0.00058024,0.00058024,0.00058024
214,6502.58,1.29467,0.71834,0.8699,0.85883,0.6447,0.74828,0.36903,1.86325,0.9612,0.97762,0.00057826,0.00057826,0.00057826
215,6532.22,1.28571,0.72394,0.87303,0.88899,0.63149,0.74591,0.36788,1.87926,0.95891,0.97727,0.00057628,0.00057628,0.00057628
216,6561.82,1.33852,0.74919,0.88085,0.87629,0.62744,0.75087,0.36822,1.8643,0.96275,0.97736,0.0005743,0.0005743,0.0005743
217,6591.91,1.29899,0.72654,0.87813,0.87729,0.61514,0.73413,0.35811,1.89254,0.98894,0.98076,0.00057232,0.00057232,0.00057232
218,6621.51,1.30564,0.72089,0.87175,0.91007,0.61622,0.74243,0.37142,1.85529,0.96121,0.9763,0.00057034,0.00057034,0.00057034
219,6651.79,1.20227,0.6757,0.85961,0.88249,0.62226,0.72482,0.35782,1.87322,1.00299,0.98116,0.00056836,0.00056836,0.00056836
220,6681.42,1.25687,0.70412,0.86763,0.87103,0.63512,0.73901,0.36484,1.85954,0.98164,0.97765,0.00056638,0.00056638,0.00056638
221,6711.02,1.24117,0.68355,0.86903,0.8818,0.64915,0.7543,0.36509,1.8505,0.96057,0.97499,0.0005644,0.0005644,0.0005644
222,6740.63,1.2645,0.7078,0.87221,0.89743,0.63674,0.75647,0.37244,1.83325,0.96166,0.97453,0.00056242,0.00056242,0.00056242
223,6774.44,1.27911,0.70942,0.87101,0.86567,0.6372,0.74959,0.36642,1.86214,0.97001,0.9804,0.00056044,0.00056044,0.00056044
224,6804.07,1.26741,0.70223,0.86855,0.85831,0.63731,0.73368,0.3621,1.88158,0.98145,0.9849,0.00055846,0.00055846,0.00055846
225,6833.74,1.27181,0.71848,0.87321,0.88769,0.63,0.74451,0.36285,1.87111,0.95152,0.97884,0.00055648,0.00055648,0.00055648
226,6863.38,1.23263,0.68495,0.86494,0.90908,0.61864,0.74347,0.36746,1.87138,0.95812,0.97738,0.0005545,0.0005545,0.0005545
227,6893.16,1.25381,0.68911,0.86498,0.91126,0.63511,0.75567,0.37043,1.866,0.94074,0.98002,0.00055252,0.00055252,0.00055252
228,6922.85,1.2601,0.70011,0.87006,0.90414,0.61289,0.73485,0.35841,1.89139,0.9841,0.9849,0.00055054,0.00055054,0.00055054
229,6952.45,1.23723,0.69174,0.86631,0.85746,0.64928,0.74834,0.36664,1.87023,0.97187,0.98,0.00054856,0.00054856,0.00054856
230,6982.07,1.25193,0.68672,0.86815,0.83777,0.66568,0.75251,0.36565,1.8731,0.95996,0.97847,0.00054658,0.00054658,0.00054658
231,7011.78,1.26487,0.69787,0.86398,0.88703,0.63135,0.74997,0.36337,1.88062,0.95416,0.98075,0.0005446,0.0005446,0.0005446
232,7041.44,1.22823,0.68168,0.86624,0.9035,0.62121,0.742,0.3646,1.8613,0.94533,0.98005,0.00054262,0.00054262,0.00054262
233,7071.06,1.23429,0.68422,0.86842,0.89713,0.63783,0.75626,0.3729,1.84307,0.93453,0.97466,0.00054064,0.00054064,0.00054064
234,7103.82,1.25881,0.69694,0.87204,0.87894,0.65442,0.75619,0.37388,1.83975,0.94194,0.97135,0.00053866,0.00053866,0.00053866
235,7136.99,1.20193,0.68224,0.86439,0.87367,0.63638,0.75264,0.36805,1.8822,0.95081,0.98591,0.00053668,0.00053668,0.00053668
236,7166.6,1.23833,0.68479,0.86743,0.89568,0.64348,0.75507,0.37331,1.84129,0.94082,0.97359,0.0005347,0.0005347,0.0005347
237,7196.23,1.24367,0.68399,0.86115,0.89077,0.63679,0.75401,0.37213,1.85044,0.95212,0.97345,0.00053272,0.00053272,0.00053272
238,7225.99,1.20719,0.66182,0.86437,0.88859,0.63287,0.75048,0.37193,1.83618,0.94461,0.97381,0.00053074,0.00053074,0.00053074
239,7255.69,1.20794,0.68435,0.86801,0.88954,0.64513,0.764,0.38361,1.81857,0.92811,0.97018,0.00052876,0.00052876,0.00052876
240,7288.62,1.1892,0.67251,0.8591,0.88005,0.63152,0.75348,0.37494,1.84581,0.96602,0.97657,0.00052678,0.00052678,0.00052678
241,7318.38,1.18781,0.66044,0.86139,0.84102,0.65298,0.75343,0.37538,1.86695,0.94411,0.98113,0.0005248,0.0005248,0.0005248
242,7348.06,1.22228,0.67651,0.86777,0.89062,0.64455,0.7613,0.37714,1.84158,0.9341,0.97453,0.00052282,0.00052282,0.00052282
243,7377.79,1.21898,0.68045,0.8627,0.89724,0.63467,0.75728,0.37557,1.85021,0.94313,0.97553,0.00052084,0.00052084,0.00052084
244,7407.43,1.19916,0.64537,0.86001,0.86643,0.656,0.76357,0.3796,1.84752,0.93749,0.97681,0.00051886,0.00051886,0.00051886
245,7437.12,1.1794,0.65838,0.86446,0.85208,0.65836,0.76355,0.38397,1.83655,0.93485,0.977,0.00051688,0.00051688,0.00051688
246,7469.8,1.17471,0.65391,0.85749,0.86593,0.65323,0.76845,0.38509,1.825,0.95022,0.97346,0.0005149,0.0005149,0.0005149
247,7502.56,1.15248,0.64262,0.85723,0.86621,0.65415,0.76485,0.37661,1.86307,0.95789,0.98002,0.00051292,0.00051292,0.00051292
248,7532.22,1.20607,0.66728,0.86178,0.85507,0.6572,0.76188,0.37607,1.86766,0.95451,0.98323,0.00051094,0.00051094,0.00051094
249,7562.31,1.2203,0.6721,0.86474,0.8993,0.62948,0.75516,0.37374,1.86296,0.94958,0.97609,0.00050896,0.00050896,0.00050896
250,7592.02,1.17556,0.64931,0.85772,0.8921,0.64475,0.75288,0.36608,1.89142,0.95302,0.98429,0.00050698,0.00050698,0.00050698
251,7621.71,1.19344,0.66523,0.86266,0.90513,0.64631,0.76148,0.37372,1.87402,0.94795,0.98499,0.000505,0.000505,0.000505
252,7651.34,1.19136,0.66013,0.85599,0.88502,0.63988,0.75489,0.36971,1.88077,0.96955,0.98621,0.00050302,0.00050302,0.00050302
253,7680.95,1.18772,0.6471,0.85424,0.87112,0.64571,0.76101,0.37101,1.87516,0.94982,0.98274,0.00050104,0.00050104,0.00050104
254,7710.6,1.14519,0.63133,0.8546,0.86675,0.65341,0.76475,0.37589,1.84132,0.93388,0.97511,0.00049906,0.00049906,0.00049906
255,7740.29,1.13931,0.62521,0.85119,0.88609,0.6381,0.76656,0.37447,1.86514,0.94494,0.97982,0.00049708,0.00049708,0.00049708
256,7769.93,1.18864,0.65587,0.85683,0.88173,0.6485,0.76449,0.37816,1.84987,0.93694,0.97761,0.0004951,0.0004951,0.0004951
257,7799.56,1.15529,0.64248,0.85578,0.87791,0.63877,0.75357,0.36994,1.87624,0.94018,0.98425,0.00049312,0.00049312,0.00049312
258,7829.21,1.16453,0.63728,0.85351,0.89688,0.62883,0.75405,0.37481,1.87056,0.94664,0.98403,0.00049114,0.00049114,0.00049114
259,7858.89,1.16857,0.63677,0.86511,0.87767,0.64944,0.76412,0.38214,1.86725,0.95639,0.98878,0.00048916,0.00048916,0.00048916
260,7888.54,1.15605,0.63715,0.85465,0.88732,0.65166,0.76774,0.37846,1.85676,0.93821,0.98276,0.00048718,0.00048718,0.00048718
261,7918.24,1.17041,0.64129,0.85782,0.85734,0.65628,0.764,0.3761,1.86629,0.9286,0.98242,0.0004852,0.0004852,0.0004852
262,7947.89,1.1401,0.63613,0.85069,0.84142,0.67712,0.77362,0.38639,1.83145,0.92516,0.97643,0.00048322,0.00048322,0.00048322
263,7980.79,1.15986,0.63727,0.8564,0.85171,0.65795,0.75329,0.3736,1.87715,0.96722,0.99074,0.00048124,0.00048124,0.00048124
264,8010.46,1.15287,0.62762,0.85582,0.87538,0.65124,0.76565,0.37896,1.8466,0.9461,0.9829,0.00047926,0.00047926,0.00047926
265,8040.13,1.12014,0.62255,0.85071,0.86899,0.65771,0.76085,0.37986,1.8578,0.92697,0.98067,0.00047728,0.00047728,0.00047728
266,8069.82,1.15188,0.6256,0.85183,0.89951,0.64294,0.76346,0.38506,1.83836,0.93171,0.97865,0.0004753,0.0004753,0.0004753
267,8099.57,1.13841,0.61825,0.84832,0.8779,0.64795,0.7635,0.38426,1.8469,0.95149,0.97911,0.00047332,0.00047332,0.00047332
268,8129.22,1.14071,0.63471,0.84516,0.8889,0.64547,0.76287,0.38078,1.86173,0.9434,0.9857,0.00047134,0.00047134,0.00047134
269,8158.94,1.14127,0.61897,0.85462,0.88189,0.6556,0.76843,0.37874,1.88198,0.95394,0.99176,0.00046936,0.00046936,0.00046936
270,8188.63,1.131,0.61651,0.84466,0.89268,0.64977,0.76619,0.38081,1.85624,0.94565,0.98298,0.00046738,0.00046738,0.00046738
271,8218.33,1.13776,0.63097,0.85668,0.87344,0.6322,0.75097,0.37038,1.86871,0.94686,0.98841,0.0004654,0.0004654,0.0004654
272,8248.08,1.14902,0.63567,0.85736,0.882,0.65368,0.76554,0.37698,1.84555,0.93424,0.98233,0.00046342,0.00046342,0.00046342
273,8277.79,1.10902,0.61021,0.84705,0.88011,0.65032,0.75506,0.37107,1.8789,0.95139,0.99029,0.00046144,0.00046144,0.00046144
274,8307.53,1.14019,0.63149,0.85026,0.90202,0.65191,0.7645,0.3775,1.87519,0.93924,0.98445,0.00045946,0.00045946,0.00045946
275,8337.29,1.13286,0.62236,0.85188,0.89146,0.64623,0.76656,0.37924,1.86389,0.94248,0.98413,0.00045748,0.00045748,0.00045748
276,8366.98,1.11926,0.61995,0.85273,0.88913,0.64805,0.75465,0.37283,1.88275,0.95829,0.99,0.0004555,0.0004555,0.0004555
277,8396.68,1.08916,0.60152,0.84524,0.86866,0.65248,0.76356,0.3777,1.87029,0.94895,0.99023,0.00045352,0.00045352,0.00045352
278,8426.41,1.11021,0.59709,0.85089,0.90518,0.64486,0.76946,0.38212,1.83724,0.92066,0.97828,0.00045154,0.00045154,0.00045154
279,8456.14,1.09493,0.60954,0.84593,0.86712,0.66571,0.7672,0.38149,1.86337,0.93685,0.98527,0.00044956,0.00044956,0.00044956
280,8485.82,1.11238,0.61554,0.84436,0.86959,0.66863,0.76822,0.38622,1.84479,0.93712,0.9819,0.00044758,0.00044758,0.00044758
281,8515.53,1.12843,0.62148,0.84803,0.89461,0.65125,0.76768,0.37553,1.8663,0.94575,0.9851,0.0004456,0.0004456,0.0004456
282,8545.2,1.11102,0.60409,0.84639,0.88791,0.65024,0.76533,0.37965,1.84933,0.94016,0.98104,0.00044362,0.00044362,0.00044362
283,8575.18,1.06981,0.58887,0.84387,0.88674,0.66444,0.76619,0.38014,1.8502,0.93282,0.98429,0.00044164,0.00044164,0.00044164
284,8604.85,1.09525,0.61249,0.84342,0.88911,0.67154,0.7824,0.38751,1.83025,0.91775,0.979,0.00043966,0.00043966,0.00043966
285,8648.41,1.11976,0.61846,0.8526,0.92047,0.641,0.77546,0.38838,1.8261,0.92448,0.97363,0.00043768,0.00043768,0.00043768
286,8681.96,1.09699,0.60782,0.8447,0.87516,0.66256,0.76542,0.37943,1.8274,0.92284,0.97601,0.0004357,0.0004357,0.0004357
287,8712.26,1.08053,0.59278,0.84254,0.88358,0.65808,0.76844,0.38291,1.85237,0.9385,0.98425,0.00043372,0.00043372,0.00043372
288,8743.3,1.10577,0.59916,0.8451,0.89126,0.66529,0.77597,0.38214,1.85238,0.90596,0.98354,0.00043174,0.00043174,0.00043174
289,8772.99,1.07772,0.58371,0.84129,0.90268,0.65313,0.76647,0.38104,1.86156,0.93671,0.98659,0.00042976,0.00042976,0.00042976
290,8802.88,1.07713,0.58896,0.84265,0.89135,0.66178,0.76835,0.37639,1.8754,0.94043,0.98564,0.00042778,0.00042778,0.00042778
291,8832.64,1.09516,0.60833,0.852,0.89171,0.64439,0.76296,0.37409,1.87031,0.9384,0.98726,0.0004258,0.0004258,0.0004258
292,8862.35,1.07192,0.58979,0.83996,0.90889,0.64682,0.77063,0.38351,1.82716,0.92207,0.97698,0.00042382,0.00042382,0.00042382
293,8892.1,1.05946,0.57673,0.84329,0.86538,0.68166,0.77503,0.38502,1.82563,0.92938,0.97708,0.00042184,0.00042184,0.00042184
294,8921.81,1.07304,0.59187,0.84511,0.90145,0.66168,0.77669,0.38593,1.83509,0.93835,0.97889,0.00041986,0.00041986,0.00041986
295,8951.85,1.08738,0.59852,0.84362,0.90707,0.63768,0.7607,0.37601,1.86941,0.93776,0.98423,0.00041788,0.00041788,0.00041788
296,8981.59,1.06512,0.58709,0.83932,0.87823,0.65212,0.76044,0.3768,1.86337,0.94009,0.98719,0.0004159,0.0004159,0.0004159
297,9011.26,1.07115,0.58444,0.84582,0.87934,0.65993,0.77311,0.38564,1.83764,0.9338,0.9819,0.00041392,0.00041392,0.00041392
298,9040.92,1.06935,0.58729,0.8456,0.87849,0.65419,0.76719,0.38467,1.82977,0.93132,0.97894,0.00041194,0.00041194,0.00041194
299,9070.63,1.0438,0.5769,0.83866,0.88439,0.65212,0.76091,0.38186,1.84076,0.93887,0.98018,0.00040996,0.00040996,0.00040996
300,9100.41,1.07325,0.59531,0.83916,0.87695,0.664,0.7661,0.38503,1.85144,0.93669,0.98412,0.00040798,0.00040798,0.00040798
301,9130.09,1.07575,0.59141,0.84348,0.8983,0.66187,0.77254,0.38873,1.84046,0.93645,0.98387,0.000406,0.000406,0.000406
302,9163.48,1.05275,0.56688,0.84298,0.89898,0.65082,0.76325,0.37914,1.85321,0.93749,0.98494,0.00040402,0.00040402,0.00040402
303,9193.26,1.05978,0.58757,0.8429,0.89177,0.66961,0.76971,0.38046,1.85945,0.93622,0.988,0.00040204,0.00040204,0.00040204
304,9222.91,1.06519,0.58087,0.84326,0.87085,0.67144,0.76641,0.38034,1.85696,0.94075,0.98453,0.00040006,0.00040006,0.00040006
305,9252.56,1.07711,0.59483,0.84841,0.87275,0.66102,0.7634,0.38373,1.84884,0.93478,0.98659,0.00039808,0.00039808,0.00039808
306,9282.25,1.07171,0.58997,0.84261,0.86722,0.65273,0.75312,0.37753,1.85655,0.93881,0.98641,0.0003961,0.0003961,0.0003961
307,9311.98,1.05123,0.58841,0.84035,0.87459,0.65113,0.76242,0.38125,1.86051,0.9405,0.9891,0.00039412,0.00039412,0.00039412
308,9341.67,1.03834,0.5648,0.83909,0.89203,0.65584,0.76715,0.38613,1.8461,0.92661,0.98424,0.00039214,0.00039214,0.00039214
309,9371.31,1.05324,0.58047,0.8411,0.87991,0.65737,0.76729,0.38296,1.85198,0.93072,0.9841,0.00039016,0.00039016,0.00039016
310,9401.61,1.04234,0.57135,0.83823,0.87126,0.66609,0.77336,0.38899,1.83823,0.92349,0.98129,0.00038818,0.00038818,0.00038818
311,9434.61,1.02069,0.55969,0.83909,0.8916,0.65298,0.77229,0.3888,1.82233,0.92521,0.97843,0.0003862,0.0003862,0.0003862
312,9464.29,1.0707,0.57348,0.83733,0.90905,0.64633,0.7649,0.38937,1.82147,0.92493,0.97725,0.00038422,0.00038422,0.00038422
313,9493.95,0.99283,0.53892,0.83134,0.88125,0.66195,0.76712,0.38634,1.83027,0.93081,0.98037,0.00038224,0.00038224,0.00038224
314,9523.62,1.02122,0.56098,0.84283,0.89016,0.65935,0.76758,0.38231,1.85135,0.93461,0.9829,0.00038026,0.00038026,0.00038026
315,9553.35,1.03712,0.56491,0.84297,0.88939,0.66174,0.77015,0.3829,1.84743,0.9286,0.98326,0.00037828,0.00037828,0.00037828
316,9583.02,1.03358,0.56398,0.83574,0.85575,0.67155,0.76484,0.37893,1.85688,0.92723,0.98497,0.0003763,0.0003763,0.0003763
317,9612.72,1.03296,0.5816,0.83886,0.88422,0.66164,0.76661,0.38319,1.84661,0.92745,0.98577,0.00037432,0.00037432,0.00037432
318,9642.4,1.04137,0.56285,0.83822,0.8754,0.66347,0.76747,0.382,1.84687,0.93322,0.98537,0.00037234,0.00037234,0.00037234
319,9672.11,0.99783,0.54608,0.83722,0.86218,0.67667,0.76669,0.38707,1.83158,0.92345,0.97993,0.00037036,0.00037036,0.00037036
320,9701.76,1.00664,0.54599,0.83175,0.8671,0.67753,0.76782,0.38759,1.84433,0.92717,0.98615,0.00036838,0.00036838,0.00036838
321,9731.42,1.00374,0.55929,0.83428,0.8795,0.66852,0.77236,0.38777,1.83866,0.92866,0.98237,0.0003664,0.0003664,0.0003664
322,9761.07,1.02631,0.56597,0.83262,0.87652,0.66779,0.77725,0.38941,1.84172,0.9203,0.98378,0.00036442,0.00036442,0.00036442
323,9803.06,0.99261,0.54644,0.82995,0.89117,0.6624,0.77002,0.38723,1.84165,0.93183,0.98601,0.00036244,0.00036244,0.00036244
324,9832.7,1.0026,0.55583,0.8335,0.87302,0.67704,0.76735,0.38716,1.83755,0.92325,0.98688,0.00036046,0.00036046,0.00036046
325,9862.37,1.02316,0.55985,0.83775,0.89374,0.66849,0.77632,0.39028,1.82274,0.90685,0.9817,0.00035848,0.00035848,0.00035848
326,9895.13,1.01493,0.56065,0.83776,0.8771,0.67956,0.77726,0.39134,1.82668,0.91467,0.98404,0.0003565,0.0003565,0.0003565
327,9928.04,1.02978,0.57138,0.84187,0.88639,0.67995,0.7773,0.39062,1.83518,0.92015,0.9876,0.00035452,0.00035452,0.00035452
328,9957.64,0.99821,0.55025,0.84142,0.88141,0.68152,0.78396,0.39619,1.82537,0.9213,0.98585,0.00035254,0.00035254,0.00035254
329,9990.71,1.01688,0.54989,0.8324,0.88015,0.68168,0.78359,0.39198,1.84481,0.9207,0.98756,0.00035056,0.00035056,0.00035056
330,10020.6,0.99268,0.55048,0.82741,0.89086,0.65397,0.76976,0.38696,1.82947,0.92047,0.98451,0.00034858,0.00034858,0.00034858
331,10050.5,0.98102,0.54171,0.82809,0.87309,0.66448,0.76517,0.38749,1.82834,0.91469,0.98553,0.0003466,0.0003466,0.0003466
332,10080.1,1.00506,0.55083,0.83533,0.86566,0.67443,0.76756,0.38745,1.8229,0.91798,0.98154,0.00034462,0.00034462,0.00034462
333,10110,1.0057,0.54894,0.83248,0.88896,0.64286,0.75227,0.3811,1.84656,0.93518,0.98867,0.00034264,0.00034264,0.00034264
334,10139.8,0.9964,0.55258,0.83467,0.89808,0.66077,0.77037,0.39128,1.82477,0.91489,0.98313,0.00034066,0.00034066,0.00034066
335,10171.7,0.97549,0.53881,0.82899,0.89595,0.67035,0.77751,0.3924,1.82087,0.92416,0.98161,0.00033868,0.00033868,0.00033868
336,10204.3,0.97913,0.54455,0.83241,0.89008,0.6687,0.77944,0.39151,1.82115,0.91748,0.98334,0.0003367,0.0003367,0.0003367
337,10236.6,0.97027,0.53723,0.82721,0.87132,0.66501,0.77052,0.38917,1.82904,0.93029,0.98463,0.00033472,0.00033472,0.00033472
338,10267.7,0.97093,0.53373,0.82705,0.89542,0.65972,0.77455,0.39017,1.82472,0.93993,0.98476,0.00033274,0.00033274,0.00033274
339,10297.6,0.97062,0.54127,0.83481,0.89301,0.64509,0.76298,0.38679,1.84709,0.93962,0.98915,0.00033076,0.00033076,0.00033076
340,10327.2,0.95474,0.52934,0.83197,0.89693,0.65065,0.76656,0.38862,1.8451,0.92802,0.98768,0.00032878,0.00032878,0.00032878
341,10356.9,0.99612,0.55565,0.83307,0.87067,0.67165,0.76974,0.39046,1.83237,0.9205,0.98423,0.0003268,0.0003268,0.0003268
342,10386.6,0.99805,0.55592,0.83675,0.88177,0.66536,0.7694,0.38925,1.83927,0.919,0.98648,0.00032482,0.00032482,0.00032482
343,10416.3,0.97561,0.52917,0.83173,0.89315,0.67163,0.77965,0.39257,1.84202,0.92657,0.98813,0.00032284,0.00032284,0.00032284
344,10445.9,0.98923,0.53774,0.82952,0.87636,0.67046,0.78142,0.39176,1.83967,0.92309,0.98723,0.00032086,0.00032086,0.00032086
345,10475.7,0.97897,0.54716,0.8331,0.89276,0.665,0.77894,0.39551,1.82738,0.91261,0.98459,0.00031888,0.00031888,0.00031888
346,10505.5,0.97627,0.53545,0.83057,0.87199,0.68122,0.77855,0.39524,1.82536,0.91359,0.98471,0.0003169,0.0003169,0.0003169
347,10535.3,0.96373,0.53417,0.82907,0.88258,0.67463,0.77941,0.3953,1.82073,0.90946,0.98357,0.00031492,0.00031492,0.00031492
348,10568.3,0.95592,0.53191,0.83063,0.87619,0.67917,0.77994,0.39237,1.82711,0.90862,0.9822,0.00031294,0.00031294,0.00031294
349,10598.4,0.9752,0.53727,0.8297,0.88961,0.67862,0.7826,0.39586,1.83971,0.9086,0.98417,0.00031096,0.00031096,0.00031096
350,10631,0.98615,0.54313,0.8304,0.90094,0.6726,0.78048,0.39447,1.83709,0.9207,0.98485,0.00030898,0.00030898,0.00030898
351,10664.1,0.96624,0.52545,0.83018,0.89574,0.67537,0.77482,0.39102,1.84869,0.9162,0.98535,0.000307,0.000307,0.000307
352,10693.7,0.93041,0.5095,0.81967,0.88434,0.6753,0.77846,0.39672,1.83536,0.90932,0.98551,0.00030502,0.00030502,0.00030502
353,10723.5,0.94642,0.52485,0.82508,0.85897,0.69296,0.77365,0.39445,1.82706,0.91449,0.98706,0.00030304,0.00030304,0.00030304
354,10753.2,0.95411,0.5246,0.82744,0.85821,0.69027,0.77413,0.39229,1.82302,0.90941,0.9849,0.00030106,0.00030106,0.00030106
355,10782.9,0.93245,0.51676,0.82745,0.8583,0.69512,0.78084,0.39373,1.82062,0.9065,0.98295,0.00029908,0.00029908,0.00029908
356,10813.9,0.96637,0.53544,0.83167,0.887,0.6748,0.78121,0.39261,1.834,0.92352,0.98679,0.0002971,0.0002971,0.0002971
357,10843.8,0.94583,0.5279,0.8281,0.88755,0.67548,0.78266,0.39568,1.82508,0.91221,0.98436,0.00029512,0.00029512,0.00029512
358,10873.7,0.95631,0.52611,0.82918,0.86403,0.68142,0.7755,0.39232,1.8254,0.913,0.98663,0.00029314,0.00029314,0.00029314
359,10903.4,0.91963,0.51309,0.82567,0.90688,0.66036,0.77253,0.38973,1.8312,0.91551,0.99055,0.00029116,0.00029116,0.00029116
360,10933.1,0.95423,0.52491,0.82351,0.86418,0.68598,0.77199,0.38849,1.82194,0.92033,0.98786,0.00028918,0.00028918,0.00028918
361,10963,0.94549,0.52264,0.82739,0.89155,0.67381,0.78222,0.3913,1.81169,0.91033,0.98274,0.0002872,0.0002872,0.0002872
362,10992.9,0.92531,0.51603,0.82532,0.90012,0.66238,0.78173,0.39575,1.80824,0.90669,0.98289,0.00028522,0.00028522,0.00028522
363,11022.7,0.93951,0.51609,0.8246,0.89222,0.66692,0.78328,0.39674,1.79923,0.9111,0.98395,0.00028324,0.00028324,0.00028324
364,11056.3,0.94536,0.52339,0.82544,0.8982,0.65998,0.77738,0.39569,1.80928,0.91427,0.98545,0.00028126,0.00028126,0.00028126
365,11086,0.9593,0.524,0.82566,0.89125,0.66832,0.77531,0.39249,1.81682,0.92268,0.98683,0.00027928,0.00027928,0.00027928
366,11115.6,0.9234,0.51853,0.82673,0.88033,0.66868,0.77163,0.39072,1.83195,0.92616,0.98996,0.0002773,0.0002773,0.0002773
367,11145.4,0.91841,0.50645,0.8241,0.89513,0.66808,0.77596,0.39489,1.82758,0.91933,0.98907,0.00027532,0.00027532,0.00027532
368,11175.1,0.91514,0.5025,0.82187,0.90853,0.66591,0.78032,0.39632,1.81708,0.91696,0.98732,0.00027334,0.00027334,0.00027334
369,11204.8,0.91424,0.50997,0.81949,0.8951,0.67476,0.78266,0.39636,1.81843,0.91551,0.98742,0.00027136,0.00027136,0.00027136
370,11234.4,0.91576,0.5195,0.82781,0.89274,0.67121,0.77739,0.39625,1.8181,0.90818,0.98461,0.00026938,0.00026938,0.00026938
371,11264.2,0.92296,0.51148,0.82609,0.90354,0.66991,0.77941,0.39516,1.81622,0.90792,0.98361,0.0002674,0.0002674,0.0002674
372,11293.8,0.91852,0.51157,0.82149,0.88096,0.68777,0.78128,0.39874,1.80704,0.90658,0.98075,0.00026542,0.00026542,0.00026542
373,11326.6,0.92386,0.50922,0.82277,0.87668,0.67948,0.78351,0.39946,1.80484,0.91361,0.97996,0.00026344,0.00026344,0.00026344
374,11359.4,0.89288,0.5022,0.82278,0.88248,0.6771,0.78122,0.39881,1.81479,0.90879,0.98154,0.00026146,0.00026146,0.00026146
375,11389.2,0.89872,0.50055,0.82069,0.86986,0.67911,0.7816,0.40181,1.81515,0.90366,0.98482,0.00025948,0.00025948,0.00025948
376,11421.9,0.90472,0.4964,0.82213,0.86681,0.67838,0.77781,0.40075,1.81488,0.92066,0.98429,0.0002575,0.0002575,0.0002575
377,11451.6,0.89853,0.50605,0.82079,0.87275,0.67309,0.77915,0.4005,1.81077,0.9138,0.98443,0.00025552,0.00025552,0.00025552
378,11481.3,0.90633,0.50796,0.81848,0.87867,0.67231,0.78035,0.40006,1.80745,0.90881,0.98387,0.00025354,0.00025354,0.00025354
379,11511.1,0.93498,0.52051,0.82794,0.86881,0.681,0.7789,0.39663,1.82085,0.92451,0.98692,0.00025156,0.00025156,0.00025156
380,11541.2,0.89831,0.49931,0.82275,0.8765,0.6648,0.77449,0.39427,1.82213,0.91902,0.98717,0.00024958,0.00024958,0.00024958
381,11571,0.90132,0.50274,0.82306,0.86968,0.67748,0.77926,0.39642,1.82461,0.91547,0.98794,0.0002476,0.0002476,0.0002476
382,11600.7,0.87487,0.4922,0.82145,0.87604,0.6744,0.77847,0.40094,1.82068,0.9206,0.98632,0.00024562,0.00024562,0.00024562
383,11630.5,0.8984,0.49922,0.82239,0.88202,0.67454,0.77783,0.399,1.8188,0.92577,0.98549,0.00024364,0.00024364,0.00024364
384,11660.2,0.89839,0.50277,0.82219,0.887,0.67057,0.77704,0.39517,1.8277,0.93022,0.98788,0.00024166,0.00024166,0.00024166
385,11690,0.88458,0.49246,0.82012,0.8896,0.66985,0.78254,0.39861,1.82566,0.92099,0.98847,0.00023968,0.00023968,0.00023968
386,11719.7,0.91039,0.50675,0.82167,0.86583,0.67768,0.77856,0.39635,1.83578,0.92083,0.99144,0.0002377,0.0002377,0.0002377
387,11749.7,0.88576,0.49146,0.82146,0.87188,0.68049,0.78071,0.39582,1.83316,0.91779,0.99215,0.00023572,0.00023572,0.00023572
388,11779.4,0.88052,0.49031,0.8213,0.8734,0.67577,0.77229,0.39601,1.83079,0.91739,0.99308,0.00023374,0.00023374,0.00023374
389,11809.1,0.87386,0.48888,0.82043,0.86624,0.674,0.76949,0.39406,1.83985,0.91369,0.99495,0.00023176,0.00023176,0.00023176
390,11838.8,0.8674,0.48124,0.8171,0.8689,0.67915,0.77262,0.39477,1.84347,0.91676,0.99432,0.00022978,0.00022978,0.00022978
391,11868.7,0.89054,0.49025,0.82364,0.88208,0.66999,0.77134,0.39415,1.84738,0.91628,0.99612,0.0002278,0.0002278,0.0002278
392,11898.4,0.884,0.49171,0.82451,0.88028,0.67197,0.77486,0.39344,1.83865,0.91011,0.99374,0.00022582,0.00022582,0.00022582
393,11928.1,0.89994,0.50533,0.82211,0.889,0.677,0.77637,0.39745,1.82509,0.90934,0.99045,0.00022384,0.00022384,0.00022384
394,11957.8,0.88624,0.5014,0.82056,0.87811,0.67882,0.77676,0.39753,1.82212,0.90977,0.99063,0.00022186,0.00022186,0.00022186
395,11987.5,0.87462,0.48855,0.81723,0.89592,0.66953,0.7795,0.39878,1.82577,0.91322,0.99158,0.00021988,0.00021988,0.00021988
396,12017.2,0.85207,0.48299,0.81925,0.88081,0.68277,0.77937,0.39588,1.82683,0.90732,0.99114,0.0002179,0.0002179,0.0002179
397,12046.9,0.84878,0.48524,0.82205,0.88459,0.6883,0.77946,0.39756,1.82646,0.90854,0.99232,0.00021592,0.00021592,0.00021592
398,12076.6,0.89717,0.4991,0.82425,0.87884,0.68124,0.77368,0.39885,1.82843,0.91351,0.99424,0.00021394,0.00021394,0.00021394
399,12106.3,0.87833,0.48723,0.81955,0.88323,0.68197,0.77796,0.39937,1.84102,0.92341,0.9957,0.00021196,0.00021196,0.00021196
400,12136,0.86493,0.48674,0.81799,0.88429,0.6844,0.77963,0.40003,1.8338,0.91195,0.99454,0.00020998,0.00020998,0.00020998
401,12165.7,0.84768,0.47431,0.81531,0.87459,0.68797,0.7806,0.40232,1.81969,0.90319,0.98994,0.000208,0.000208,0.000208
402,12198.7,0.87174,0.48484,0.81519,0.87497,0.68788,0.78115,0.40469,1.81065,0.90496,0.9864,0.00020602,0.00020602,0.00020602
403,12231.4,0.85567,0.47811,0.81803,0.86644,0.6936,0.7832,0.40031,1.82455,0.91353,0.98928,0.00020404,0.00020404,0.00020404
404,12261.2,0.8438,0.47875,0.81115,0.89123,0.67706,0.78177,0.39688,1.84199,0.92102,0.99403,0.00020206,0.00020206,0.00020206
405,12291.3,0.87378,0.48844,0.81548,0.90154,0.66816,0.77812,0.39526,1.84516,0.91616,0.9958,0.00020008,0.00020008,0.00020008
406,12321,0.8542,0.47928,0.81922,0.88738,0.67743,0.7836,0.39904,1.83298,0.90812,0.99186,0.0001981,0.0001981,0.0001981
407,12350.8,0.86929,0.48161,0.81817,0.89206,0.68323,0.78452,0.40091,1.82716,0.91127,0.99188,0.00019612,0.00019612,0.00019612
408,12380.8,0.86733,0.48462,0.81421,0.88593,0.68576,0.78517,0.40062,1.82877,0.9137,0.99387,0.00019414,0.00019414,0.00019414
409,12410.5,0.82897,0.47321,0.81598,0.89771,0.68079,0.78667,0.40016,1.82697,0.91429,0.9935,0.00019216,0.00019216,0.00019216
410,12440.1,0.84144,0.47901,0.81623,0.88447,0.68816,0.78568,0.40005,1.82315,0.90973,0.99218,0.00019018,0.00019018,0.00019018
411,12470,0.85079,0.478,0.81214,0.87412,0.6853,0.78367,0.4009,1.83117,0.90901,0.99417,0.0001882,0.0001882,0.0001882
412,12499.7,0.87282,0.48101,0.81799,0.88167,0.68389,0.78369,0.40087,1.82969,0.90831,0.99385,0.00018622,0.00018622,0.00018622
413,12529.3,0.84533,0.47647,0.81573,0.89365,0.67393,0.78255,0.39948,1.8261,0.90777,0.99215,0.00018424,0.00018424,0.00018424
414,12559,0.84869,0.47831,0.81679,0.85351,0.70145,0.77908,0.39771,1.83284,0.90314,0.99367,0.00018226,0.00018226,0.00018226
415,12588.8,0.84372,0.46962,0.81613,0.86072,0.6987,0.78012,0.39618,1.83313,0.90475,0.99504,0.00018028,0.00018028,0.00018028
416,12618.5,0.83464,0.47626,0.81438,0.9067,0.65984,0.77678,0.39927,1.83031,0.90404,0.99497,0.0001783,0.0001783,0.0001783
417,12648.6,0.837,0.46644,0.81532,0.85544,0.69233,0.77769,0.401,1.83386,0.90429,0.99668,0.00017632,0.00017632,0.00017632
418,12678.3,0.85254,0.47951,0.81224,0.85589,0.69324,0.77738,0.39829,1.83319,0.90402,0.99745,0.00017434,0.00017434,0.00017434
419,12708.1,0.84199,0.46437,0.81337,0.84933,0.69668,0.7767,0.39751,1.83657,0.89994,0.99854,0.00017236,0.00017236,0.00017236
420,12737.8,0.8291,0.47121,0.81221,0.85581,0.69132,0.77698,0.39623,1.83315,0.90205,0.99682,0.00017038,0.00017038,0.00017038
421,12767.5,0.84859,0.48001,0.81281,0.87863,0.67759,0.77669,0.39739,1.83222,0.90449,0.9962,0.0001684,0.0001684,0.0001684
422,12797.2,0.85304,0.47996,0.81667,0.90175,0.66819,0.77917,0.39731,1.83789,0.90285,0.99709,0.00016642,0.00016642,0.00016642
423,12826.9,0.81815,0.46416,0.81115,0.89299,0.66992,0.77743,0.39882,1.83856,0.89646,0.99651,0.00016444,0.00016444,0.00016444
424,12856.6,0.84633,0.46685,0.81031,0.88361,0.67719,0.77773,0.39641,1.84099,0.90144,0.99566,0.00016246,0.00016246,0.00016246
425,12886.3,0.8257,0.46308,0.8139,0.87485,0.68614,0.78069,0.39739,1.83534,0.89927,0.99444,0.00016048,0.00016048,0.00016048
426,12916.1,0.8413,0.47206,0.81725,0.88455,0.68442,0.7789,0.39683,1.84265,0.90168,0.9967,0.0001585,0.0001585,0.0001585
427,12945.9,0.83368,0.46828,0.81459,0.89399,0.68116,0.77839,0.39558,1.83956,0.90309,0.99519,0.00015652,0.00015652,0.00015652
428,12975.6,0.81486,0.45485,0.81003,0.87956,0.68039,0.77646,0.39766,1.83811,0.90026,0.99527,0.00015454,0.00015454,0.00015454
429,13005.3,0.80823,0.4553,0.80942,0.8659,0.68486,0.77684,0.39608,1.84666,0.90283,0.99732,0.00015256,0.00015256,0.00015256
430,13035,0.82982,0.46572,0.8159,0.86823,0.69061,0.7787,0.39645,1.8414,0.90647,0.99572,0.00015058,0.00015058,0.00015058
431,13066.8,0.83477,0.47493,0.81657,0.88209,0.67287,0.77603,0.39528,1.84053,0.91033,0.9952,0.0001486,0.0001486,0.0001486
432,13096.9,0.82277,0.46422,0.81096,0.85124,0.6984,0.78078,0.39643,1.83406,0.9052,0.99334,0.00014662,0.00014662,0.00014662
433,13126.6,0.81863,0.46113,0.81321,0.85485,0.69234,0.77826,0.39617,1.82965,0.90772,0.99165,0.00014464,0.00014464,0.00014464
434,13156.3,0.81096,0.45578,0.81434,0.86832,0.68241,0.77801,0.39805,1.83583,0.90939,0.99392,0.00014266,0.00014266,0.00014266
435,13186,0.82249,0.46952,0.81285,0.85464,0.68942,0.77476,0.3951,1.83409,0.9089,0.99467,0.00014068,0.00014068,0.00014068
436,13215.8,0.77932,0.44446,0.80617,0.89315,0.67125,0.77828,0.39752,1.8293,0.90573,0.9941,0.0001387,0.0001387,0.0001387
437,13245.5,0.79502,0.45331,0.81234,0.88156,0.68299,0.77969,0.39751,1.83034,0.90528,0.99451,0.00013672,0.00013672,0.00013672
438,13275.2,0.80031,0.45043,0.80648,0.88696,0.68468,0.78476,0.39782,1.83196,0.89938,0.99528,0.00013474,0.00013474,0.00013474
439,13305,0.80205,0.45827,0.81286,0.84976,0.70235,0.78429,0.40027,1.82761,0.90052,0.99404,0.00013276,0.00013276,0.00013276
440,13334.8,0.79315,0.45165,0.80868,0.86684,0.68581,0.78315,0.39955,1.83358,0.89609,0.9959,0.00013078,0.00013078,0.00013078
441,13364.6,0.79957,0.45606,0.80937,0.86906,0.67988,0.77771,0.39774,1.83908,0.89834,0.99855,0.0001288,0.0001288,0.0001288
442,13394.3,0.78499,0.44576,0.80943,0.86933,0.68099,0.77669,0.39935,1.83772,0.90176,0.99907,0.00012682,0.00012682,0.00012682
443,13424.1,0.77436,0.43983,0.80891,0.87384,0.67708,0.77792,0.40066,1.84013,0.90206,0.99812,0.00012484,0.00012484,0.00012484
444,13453.8,0.7813,0.44777,0.81236,0.87175,0.67783,0.77753,0.40079,1.83384,0.8998,0.99671,0.00012286,0.00012286,0.00012286
445,13483.6,0.77985,0.45186,0.81215,0.87653,0.68185,0.7793,0.40032,1.83317,0.90066,0.99586,0.00012088,0.00012088,0.00012088
446,13513.3,0.7749,0.44396,0.80914,0.87157,0.68211,0.77737,0.40056,1.83919,0.90814,0.99665,0.0001189,0.0001189,0.0001189
447,13543.1,0.7733,0.44122,0.80916,0.87955,0.67844,0.78001,0.40118,1.83697,0.90002,0.99675,0.00011692,0.00011692,0.00011692
448,13572.9,0.78483,0.45084,0.80533,0.8522,0.69896,0.78305,0.40364,1.83428,0.89575,0.99565,0.00011494,0.00011494,0.00011494
449,13602.7,0.78942,0.44771,0.81004,0.8724,0.69055,0.78513,0.40205,1.83207,0.90268,0.99462,0.00011296,0.00011296,0.00011296
450,13632.4,0.76255,0.43865,0.8091,0.87795,0.68907,0.78575,0.40152,1.83715,0.90192,0.99691,0.00011098,0.00011098,0.00011098
451,13662.2,0.81069,0.46297,0.81222,0.87707,0.68851,0.78244,0.40227,1.83187,0.89942,0.99674,0.000109,0.000109,0.000109
452,13691.9,0.76923,0.43626,0.80538,0.87424,0.68381,0.77999,0.40059,1.8287,0.89912,0.99512,0.00010702,0.00010702,0.00010702
453,13721.7,0.78206,0.44812,0.81001,0.8731,0.68463,0.78054,0.40134,1.82948,0.89887,0.99518,0.00010504,0.00010504,0.00010504
454,13751.5,0.76795,0.43973,0.80925,0.86376,0.69253,0.78118,0.40163,1.83308,0.89748,0.99718,0.00010306,0.00010306,0.00010306
455,13781.7,0.78471,0.45228,0.80837,0.85289,0.69673,0.77759,0.39959,1.83283,0.90641,0.99834,0.00010108,0.00010108,0.00010108
456,13811.6,0.77526,0.44287,0.80855,0.84778,0.69636,0.77706,0.40041,1.83073,0.90942,0.99735,9.91e-05,9.91e-05,9.91e-05
457,13841.3,0.77394,0.44895,0.80888,0.85511,0.7012,0.78206,0.40264,1.82614,0.90564,0.99685,9.712e-05,9.712e-05,9.712e-05
458,13871,0.76868,0.43801,0.80719,0.86881,0.69475,0.7842,0.40289,1.83123,0.90544,0.99746,9.514e-05,9.514e-05,9.514e-05
459,13900.8,0.75509,0.42814,0.80703,0.87577,0.68899,0.78392,0.40298,1.83148,0.90423,0.99676,9.316e-05,9.316e-05,9.316e-05
460,13930.7,0.75864,0.43491,0.80617,0.88247,0.69031,0.7844,0.40251,1.82661,0.90286,0.9957,9.118e-05,9.118e-05,9.118e-05
461,13960.4,0.73911,0.43251,0.80955,0.88189,0.69574,0.78687,0.40305,1.83031,0.91006,0.99583,8.92e-05,8.92e-05,8.92e-05
462,13990.3,0.78889,0.44571,0.80909,0.89,0.68756,0.78574,0.40304,1.82884,0.9084,0.9948,8.722e-05,8.722e-05,8.722e-05
463,14020.1,0.77727,0.44351,0.81178,0.86735,0.69652,0.78839,0.40242,1.82841,0.90673,0.99459,8.524e-05,8.524e-05,8.524e-05
464,14049.8,0.75611,0.43371,0.80785,0.87753,0.69382,0.78702,0.40143,1.82994,0.90387,0.99563,8.326e-05,8.326e-05,8.326e-05
465,14079.6,0.74882,0.43023,0.80263,0.88383,0.68696,0.78532,0.40123,1.82954,0.9019,0.99629,8.128e-05,8.128e-05,8.128e-05
466,14109.3,0.75818,0.43654,0.80835,0.87068,0.6982,0.78732,0.4016,1.83162,0.90702,0.9967,7.93e-05,7.93e-05,7.93e-05
467,14139.3,0.75483,0.43355,0.8069,0.8739,0.69293,0.78519,0.4019,1.8262,0.90192,0.99526,7.732e-05,7.732e-05,7.732e-05
468,14169,0.76619,0.42731,0.80413,0.87221,0.69844,0.78658,0.40091,1.82985,0.90281,0.99629,7.534e-05,7.534e-05,7.534e-05
469,14198.9,0.76046,0.44071,0.80671,0.86012,0.69868,0.78413,0.4031,1.83036,0.90078,0.9972,7.336e-05,7.336e-05,7.336e-05
470,14228.9,0.74214,0.43044,0.80774,0.85729,0.70076,0.78461,0.4025,1.82488,0.90164,0.99579,7.138e-05,7.138e-05,7.138e-05
471,14258.6,0.76407,0.43395,0.80912,0.86115,0.70509,0.78907,0.40388,1.82714,0.90644,0.99577,6.94e-05,6.94e-05,6.94e-05
472,14291.9,0.74807,0.43336,0.81033,0.86872,0.70304,0.78906,0.40531,1.82402,0.90908,0.99533,6.742e-05,6.742e-05,6.742e-05
473,14326.2,0.74827,0.43118,0.80441,0.86469,0.69528,0.78617,0.40675,1.82117,0.90872,0.99432,6.544e-05,6.544e-05,6.544e-05
474,14359.1,0.74681,0.43854,0.80481,0.86553,0.69465,0.78658,0.40632,1.82239,0.90939,0.99465,6.346e-05,6.346e-05,6.346e-05
475,14388.9,0.74537,0.43098,0.80527,0.86957,0.69163,0.78387,0.40615,1.8251,0.91332,0.99547,6.148e-05,6.148e-05,6.148e-05
476,14418.7,0.74405,0.43355,0.80916,0.87701,0.69172,0.78541,0.40473,1.82386,0.91442,0.99488,5.95e-05,5.95e-05,5.95e-05
477,14448.4,0.75524,0.43341,0.80642,0.87672,0.68813,0.78296,0.40481,1.82419,0.91291,0.99504,5.752e-05,5.752e-05,5.752e-05
478,14478.2,0.73632,0.43056,0.81062,0.87318,0.69434,0.78305,0.40318,1.82262,0.9106,0.99446,5.554e-05,5.554e-05,5.554e-05
479,14507.9,0.74193,0.42933,0.80478,0.87108,0.69343,0.78305,0.40217,1.8234,0.91373,0.99521,5.356e-05,5.356e-05,5.356e-05
480,14538.1,0.72427,0.41887,0.80277,0.87019,0.69525,0.78252,0.4035,1.82297,0.91247,0.99523,5.158e-05,5.158e-05,5.158e-05
481,14567.8,0.74496,0.43968,0.80729,0.87716,0.69254,0.78426,0.40383,1.82317,0.91597,0.995,4.96e-05,4.96e-05,4.96e-05
482,14597.5,0.73234,0.43,0.81104,0.86699,0.69442,0.78508,0.40382,1.82371,0.91787,0.99447,4.762e-05,4.762e-05,4.762e-05
483,14627.3,0.72843,0.42419,0.80534,0.8741,0.69059,0.78404,0.40297,1.82258,0.91988,0.99444,4.564e-05,4.564e-05,4.564e-05
484,14656.9,0.72972,0.43165,0.80265,0.87622,0.68665,0.78278,0.40292,1.8222,0.9188,0.9941,4.366e-05,4.366e-05,4.366e-05
485,14687,0.73074,0.42075,0.80867,0.87646,0.68884,0.78483,0.40237,1.82243,0.91807,0.99376,4.168e-05,4.168e-05,4.168e-05
486,14716.6,0.7373,0.43027,0.80388,0.87747,0.68843,0.78337,0.40283,1.82747,0.91651,0.99508,3.97e-05,3.97e-05,3.97e-05
487,14746.4,0.74472,0.43043,0.80819,0.87466,0.69478,0.78455,0.40354,1.82538,0.91659,0.99515,3.772e-05,3.772e-05,3.772e-05
488,14776.2,0.70505,0.41142,0.80444,0.87764,0.69128,0.78437,0.4048,1.82316,0.91726,0.99499,3.574e-05,3.574e-05,3.574e-05
489,14805.9,0.72775,0.42436,0.80678,0.87764,0.69236,0.7842,0.40474,1.82401,0.91743,0.99574,3.376e-05,3.376e-05,3.376e-05
490,14835.6,0.73429,0.42866,0.80397,0.87687,0.68937,0.78376,0.40418,1.82473,0.91575,0.99604,3.178e-05,3.178e-05,3.178e-05
491,14866.5,0.74744,0.41045,0.80946,0.86801,0.69521,0.78278,0.40137,1.82923,0.91057,0.99663,2.98e-05,2.98e-05,2.98e-05
492,14896.1,0.70687,0.3995,0.80736,0.86843,0.69348,0.78,0.40095,1.82258,0.90857,0.99431,2.782e-05,2.782e-05,2.782e-05
493,14925.8,0.69566,0.3964,0.80781,0.87333,0.6903,0.77977,0.39927,1.81855,0.90901,0.99324,2.584e-05,2.584e-05,2.584e-05
494,14955.6,0.69282,0.3924,0.80432,0.88139,0.69083,0.78252,0.40088,1.81754,0.9069,0.99334,2.386e-05,2.386e-05,2.386e-05
495,14985.4,0.68686,0.39344,0.80594,0.87775,0.68954,0.7835,0.40181,1.81489,0.91163,0.99267,2.188e-05,2.188e-05,2.188e-05
496,15015.2,0.6797,0.39475,0.80504,0.87965,0.68924,0.78479,0.40151,1.81446,0.91323,0.99226,1.99e-05,1.99e-05,1.99e-05
497,15044.8,0.67404,0.39067,0.80811,0.87277,0.69126,0.78556,0.40099,1.81494,0.91291,0.99236,1.792e-05,1.792e-05,1.792e-05
498,15074.5,0.66482,0.38934,0.80638,0.87293,0.69102,0.78479,0.4005,1.81456,0.91098,0.99232,1.594e-05,1.594e-05,1.594e-05
499,15104.2,0.66602,0.38719,0.80775,0.8742,0.69114,0.78564,0.40051,1.81719,0.91474,0.99298,1.396e-05,1.396e-05,1.396e-05
500,15133.8,0.66908,0.38786,0.80437,0.86948,0.69383,0.78389,0.40169,1.81596,0.91405,0.99316,1.198e-05,1.198e-05,1.198e-05
